Beaverhead County	9372
Big Horn County	13051
Blaine County	7002
Broadwater County	6846
Carbon County	10512
Carter County	1413
Cascade County	84328
Chouteau County	5899
Custer County	11859
Daniels County	1658
Dawson County	8922
Deer Lodge County	9413
Fallon County	3033
Fergus County	11457
Flathead County	104773
Gallatin County	119502
Garfield County	1172
Glacier County	13747
Golden Valley County	820
Granite County	3308
Hill County	16250
Jefferson County	12133
Judith Basin County	2017
Lake County	31259
Lewis and Clark County	71093
Liberty County	1960
Lincoln County	19731
McCone County	1733
Madison County	8657
Meagher County	1925
Mineral County	4565
Missoula County	118238
Musselshell County	4747
Park County	17193
Petroleum County	498
Phillips County	4190
Pondera County	5882
Powder River County	1693
Powell County	6934
Prairie County	1076
Ravalli County	44351
Richland County	11501
Roosevelt County	10780
Rosebud County	8298
Sanders County	12451
Sheridan County	3518
Silver Bow County	35168
Stillwater County	9010
Sweet Grass County	3671
Teton County	6242
Toole County	4964
Treasure County	761
Valley County	7551
Wheatland County	2093
Wibaux County	928
Yellowstone County	165045
